action_id,label,description
action_explain_equipment_role,장비 역할 설명,장비가 맡는 역할과 연결되는 자원 및 레시피를 설명한다
action_explain_resource_production,자원 생산 방법 설명,자원의 획득 방법과 생산 장비 및 관련 레시피를 설명한다
action_explain_recipe_requirements,레시피 요구사항 설명,레시피에 필요한 입력 자원과 장비 및 선행 공정을 설명한다
action_check_power,전력 상태 확인,발전기와 전력 연결 상태를 확인한다
action_check_input_resource,입력 자원 확인,장비에 필요한 입력 자원이 공급되는지 확인한다
action_check_storage,저장고 확인,출력 저장 공간이 가득 찼는지 확인한다
action_check_conveyor,컨베이어 확인,컨베이어 방향과 연결 상태를 확인한다
action_set_recipe,레시피 설정 확인,장비에 올바른 레시피가 설정되어 있는지 확인한다
action_answer_unknown_without_guessing,모르는 질문 안내,지식베이스에 없는 내용은 추측하지 않고 정보가 부족하다고 안내한다
