issue_id,name,symptom,possible_causes,check_order,recommended_action_ids,resolution,related_equipment,related_resources
issue_machine_stopped,장비가 멈췄을 때,장비 애니메이션 정지;생산량 증가 없음;작동 표시 꺼짐,issue_no_power;issue_no_input;issue_output_full;issue_conveyor_blocked;issue_wrong_recipe;issue_wrong_machine_type;issue_wrong_material_state,check_power;check_input;check_output;check_conveyor;check_recipe;check_machine_type;check_material_state,action_check_power;action_check_input_resource;action_check_storage;action_check_conveyor;action_set_recipe;action_check_machine_type;action_check_material_state,"전력, 입력 자원, 출력 저장 공간, 운송 연결, 레시피, 장비 타입, 자원 상태를 순서대로 확인한다",equipment_miner;equipment_pump;equipment_compressor;equipment_smelter;equipment_grinder;equipment_synthesizer;equipment_dissolver;equipment_press;equipment_refinery;equipment_conveyor;equipment_pipe;equipment_storage;equipment_storage_tank,
issue_no_power,전력 부족,장비가 작동하지 않음;전력 경고 표시;생산 속도 저하,issue_no_fuel;issue_power_network_disconnected,check_power;check_generator;check_fuel;check_power_network,action_check_power;action_check_generator;action_check_fuel;action_check_power_network,"발전기 가동 여부, 연료, 전력망 연결 상태를 확인한다",equipment_generator;equipment_smelter;equipment_grinder;equipment_miner;equipment_pump;equipment_compressor;equipment_synthesizer;equipment_dissolver;equipment_press;equipment_refinery,resource_power;resource_coal;resource_charcoal;resource_petrolium;resource_uranium
issue_no_fuel,연료 부족,발전기 작동 중지;전력 생산량 감소,issue_no_input;issue_conveyor_blocked,check_fuel;check_input;check_conveyor,action_check_fuel;action_check_input_resource;action_check_conveyor,"나무, 석탄, 숯, 석유, 우라늄 등 연료 자원이 발전기에 공급되는지 확인한다",equipment_generator;equipment_conveyor;equipment_pipe,resource_wood;resource_coal;resource_charcoal;resource_petrolium;resource_uranium
issue_no_input,입력 자원 부족,입력 슬롯이 비어 있음;생산량 증가 없음;상위 라인에서 자원이 도착하지 않음,issue_conveyor_blocked;issue_resource_shortage,check_input;check_upstream_machine;check_conveyor,action_check_input_resource;action_check_upstream_machine;action_check_conveyor,"현재 레시피의 input_resources와 실제 입력 슬롯을 비교하고, 상위 장비와 운송 장치 상태를 확인한다",equipment_miner;equipment_smelter;equipment_grinder;equipment_conveyor;equipment_pipe,
issue_resource_shortage,자원 부족,특정 자원 수량이 계속 부족함;하위 공정이 대기함,issue_no_input;issue_production_bottleneck,check_input;check_upstream_machine;check_machine_count,action_check_input_resource;action_check_upstream_machine;action_check_machine_count,"부족 자원을 사용하는 레시피와 생산 장비를 확인하고, 필요한 경우 상위 생산량을 늘린다",equipment_miner;equipment_smelter;equipment_grinder;equipment_storage,
issue_output_full,출력 공간 부족,출력 슬롯이 가득 참;생산 결과가 배출되지 않음,issue_storage_full;issue_conveyor_blocked;issue_wrong_storage_type,check_output;check_storage;check_conveyor;check_storage_type,action_check_storage;action_check_conveyor;action_check_storage_type,"출력 저장 공간과 운송 라인, 자원 상태에 맞는 저장소 사용 여부를 확인한다",equipment_smelter;equipment_grinder;equipment_storage;equipment_storage_tank;equipment_conveyor;equipment_pipe,
issue_storage_full,저장소 가득 참,저장고 또는 탱크에 빈 공간이 없음,issue_output_full,check_storage;check_downstream_route,action_check_storage;action_check_downstream_route,저장 공간을 비우거나 하위 운송 경로를 확보한다,equipment_storage;equipment_storage_tank,
issue_conveyor_blocked,컨베이어 막힘,고체 자원이 이동하지 않음;목적지로 도착하지 않음,issue_output_full;issue_wrong_transport_type;issue_wrong_direction,check_conveyor;check_output;check_transport_type,action_check_conveyor;action_check_storage;action_check_transport_type,"컨베이어 방향, 연결 상태, 목적지 저장 공간, 자원 상태와 운송 방식 일치 여부를 확인한다",equipment_conveyor;equipment_miner;equipment_smelter;equipment_grinder;equipment_storage,
issue_pipe_blocked,파이프 막힘,액체/기체 자원이 이동하지 않음;탱크나 장비로 공급되지 않음,issue_output_full;issue_wrong_transport_type;issue_wrong_direction,check_pipe;check_output;check_transport_type,action_check_pipe;action_check_storage;action_check_transport_type,"파이프 연결, 방향, 탱크 여유 공간, 자원 상태와 운송 방식 일치 여부를 확인한다",equipment_pipe;equipment_pump;equipment_compressor;equipment_storage_tank,resource_water;resource_waste_water;resource_acid;resource_petrolium;resource_mercury;resource_oxygen;resource_hydrogen;resource_nitrogen;resource_helium
issue_wrong_transport_type,물류 방식 불일치,자원이 운송 장치에 들어가지 않음;운송 라인이 반응하지 않음,issue_conveyor_blocked;issue_pipe_blocked,check_material_state;check_transport_type,action_check_material_state;action_check_transport_type,"고체 자원은 컨베이어/저장고, 액체·기체 자원은 파이프/탱크를 사용하는지 확인한다",equipment_conveyor;equipment_pipe;equipment_storage;equipment_storage_tank,
issue_wrong_storage_type,저장 방식 불일치,자원이 저장소에 들어가지 않음;저장고나 탱크 연결이 무효,issue_output_full;issue_wrong_transport_type,check_material_state;check_storage_type,action_check_material_state;action_check_storage_type,자원 상태에 맞는 저장소를 사용 중인지 확인한다,equipment_storage;equipment_storage_tank,
issue_wrong_machine_type,잘못된 장비 사용,입력 자원을 넣었지만 공정이 시작되지 않음;장비가 해당 레시피를 지원하지 않음,issue_wrong_recipe;issue_wrong_material_state,check_machine_type;check_recipe,action_check_machine_type;action_set_recipe,현재 자원과 레시피에 맞는 장비를 사용하는지 확인한다,equipment_smelter;equipment_grinder;equipment_synthesizer;equipment_dissolver;equipment_press;equipment_refinery,
issue_wrong_material_state,자원 상태 불일치,장비 입력 조건과 자원의 형태가 맞지 않음,issue_wrong_machine_type;issue_wrong_transport_type;issue_wrong_storage_type,check_material_state;check_machine_type;check_transport_type,action_check_material_state;action_check_machine_type;action_check_transport_type,"고체, 액체, 기체, 분말 등 자원 상태가 장비/물류/저장 조건과 맞는지 확인한다",equipment_smelter;equipment_grinder;equipment_synthesizer;equipment_dissolver;equipment_press;equipment_refinery,
issue_wrong_recipe,레시피 설정 오류,장비가 대기 상태;의도한 출력이 나오지 않음,issue_wrong_machine_type;issue_no_input,check_recipe;check_input;check_machine_type,action_set_recipe;action_check_input_resource;action_check_machine_type,현재 장비에 올바른 레시피가 설정되어 있는지 확인한다,equipment_smelter;equipment_grinder,
issue_unintended_output,의도하지 않은 출력이 나왔을 때,예상과 다른 자원이 출력됨;출력물이 공정 요구와 맞지 않음,issue_wrong_recipe;issue_wrong_machine_type;issue_wrong_material_state,check_recipe;check_machine_type;check_material_state,action_set_recipe;action_check_machine_type;action_check_material_state,"설정 레시피, 장비 타입, 입력 자원 상태를 확인한다",equipment_smelter;equipment_grinder;equipment_synthesizer;equipment_dissolver;equipment_press;equipment_refinery,
issue_production_bottleneck,생산 병목,하위 공정이 대기함;특정 자원만 계속 부족함;라인 처리량이 낮음,issue_resource_shortage;issue_no_power;issue_machine_count_shortage,check_input;check_power;check_machine_count;check_downstream_route,action_check_input_resource;action_check_power;action_check_machine_count;action_check_downstream_route,"부족 자원 라인, 전력, 장비 수, 하위 운송 경로를 확인한다",equipment_miner;equipment_smelter;equipment_grinder;equipment_conveyor;equipment_pipe;equipment_storage,
issue_power_network_disconnected,전력망 연결 끊김,장비가 발전기 전력망과 연결되지 않음,issue_no_power,check_power_network;check_power,action_check_power_network;action_check_power,"발전기, 전선, 중계기 연결 상태를 확인한다",equipment_generator;equipment_power_line,resource_power
issue_refining_required,정제 공정 필요,자원 순도 문제 또는 정제 전 자원 사용 시도,issue_wrong_machine_type;issue_wrong_material_state,check_refinery;check_machine_type,action_check_refinery_required;action_check_machine_type,"정제기가 필요한 공정인지 확인하고, 필요한 경우 정제 공정을 먼저 거친다",equipment_refinery,
