quest_id,trigger_type,line_order,speaker,dialogue
TUT_BASIC_001,on_start,1,SCAII,"기초 이동 기능을 확인하겠습니다."
TUT_BASIC_001,on_start,2,SCAII,"천천히 움직여주세요."
TUT_BASIC_001,on_complete,1,SCAII,"이동 상태를 확인했습니다."
TUT_BASIC_001,on_complete,2,SCAII,"이제 점프 동작을 점검하겠습니다."
TUT_BASIC_002,on_start,1,SCAII,"지형 적응 능력을 확인하겠습니다."
TUT_BASIC_002,on_start,2,SCAII,"점프를 시도해주세요."
TUT_BASIC_002,on_complete,1,SCAII,"점프 기능 정상."
TUT_BASIC_002,on_complete,2,SCAII,"다음은 달리기 동작입니다."
TUT_BASIC_003,on_start,1,SCAII,"좋습니다."
TUT_BASIC_003,on_start,2,SCAII,"이제 단거리 기동 상태를 확인하겠습니다."
TUT_BASIC_003,on_complete,1,SCAII,"기본적인 신체 기능에는 문제가 없습니다."
TUT_BASIC_003,on_complete,2,SCAII,"다음 단계로 진행하겠습니다."
TUT_BASIC_004,on_start,1,SCAII,"지급된 물자를 확인하겠습니다."
TUT_BASIC_004,on_start,2,SCAII,"인벤토리를 열어주세요."
TUT_BASIC_004,on_complete,1,SCAII,"물자 확인을 마쳤습니다."
TUT_BASIC_004,on_complete,2,SCAII,"필요한 자원은 이곳에서 관리할 수 있습니다."
TUT_BASIC_005,on_start,1,SCAII,"확인했습니다."
TUT_BASIC_005,on_start,2,SCAII,"이제 인벤토리를 닫고 다음 절차로 이동하겠습니다."
TUT_BASIC_005,on_complete,1,SCAII,"좋습니다."
TUT_BASIC_005,on_complete,2,SCAII,"이제 기지 구축을 시작하겠습니다."
TUT_BUILD_001,on_start,1,SCAII,"건설을 진행하려면 빌드 모드 전환이 필요합니다."
TUT_BUILD_001,on_start,2,SCAII,"빌드 모드로 전환해주세요."
TUT_BUILD_001,on_complete,1,SCAII,"빌드 모드 진입을 확인했습니다."
TUT_BUILD_001,on_complete,2,SCAII,"설치 전 미리보기부터 확인하겠습니다."
TUT_BUILD_002,on_start,1,SCAII,"설치물은 배치 전에 미리보기를 통해 확인할 수 있습니다."
TUT_BUILD_002,on_start,2,SCAII,"화면에 표시되는 배치 상태를 확인해주세요."
TUT_BUILD_002,on_complete,1,SCAII,"확인되었습니다."
TUT_BUILD_002,on_complete,2,SCAII,"이제 시점을 회전해 보겠습니다."
TUT_BUILD_003,on_start,1,SCAII,"건설 중에는 시점을 회전해 주변을 더 쉽게 확인할 수 있습니다."
TUT_BUILD_003,on_start,2,SCAII,"Q를 눌러 화면을 왼쪽으로 회전해주세요."
TUT_BUILD_003,on_complete,1,SCAII,"왼쪽 회전을 확인했습니다."
TUT_BUILD_003,on_complete,2,SCAII,"이번에는 반대 방향으로 회전하겠습니다."
TUT_BUILD_004,on_start,1,SCAII,"이번에는 반대 방향 회전을 확인하겠습니다."
TUT_BUILD_004,on_start,2,SCAII,"E를 눌러 화면을 오른쪽으로 회전해주세요."
TUT_BUILD_004,on_complete,1,SCAII,"시점 회전 기능 정상."
TUT_BUILD_004,on_complete,2,SCAII,"이제 설치물 방향을 조정하겠습니다."
TUT_BUILD_005,on_start,1,SCAII,"설비 방향은 이후의 입출력 배치에 영향을 줍니다."
TUT_BUILD_005,on_start,2,SCAII,"R을 눌러 설치물 방향을 회전해주세요."
TUT_BUILD_005,on_complete,1,SCAII,"설치물 회전을 확인했습니다."
TUT_BUILD_005,on_complete,2,SCAII,"이제 철거 기능을 확인하겠습니다."
TUT_BUILD_006,on_start,1,SCAII,"불필요한 잔해는 자재로 재활용할 수 있습니다."
TUT_BUILD_006,on_start,2,SCAII,"철거 모드로 전환해주세요."
TUT_BUILD_006,on_complete,1,SCAII,"철거 모드 진입을 확인했습니다."
TUT_BUILD_006,on_complete,2,SCAII,"대상을 선택해주세요."
TUT_BUILD_007,on_start,1,SCAII,"가장 가까운 확보 가능한 자재는 탈출 포드 잔해입니다."
TUT_BUILD_007,on_start,2,SCAII,"해당 대상을 선택해주세요."
TUT_BUILD_007,on_complete,1,SCAII,"대상 선택을 확인했습니다."
TUT_BUILD_007,on_complete,2,SCAII,"철거를 진행해주세요."
TUT_BUILD_008,on_start,1,SCAII,"탈출 포드를 분해해 철 자재를 회수하겠습니다."
TUT_BUILD_008,on_start,2,SCAII,"철거를 완료해주세요."
TUT_BUILD_008,on_complete,1,SCAII,"자재 회수를 확인했습니다."
TUT_BUILD_008,on_complete,2,SCAII,"이제 본격적인 자원 확보를 시작하겠습니다."
TUT_MINING_001,on_start,1,SCAII,"안정적인 생산을 위해 먼저 철 광맥 위치를 확보해야 합니다."
TUT_MINING_001,on_start,2,SCAII,"주변 지형을 탐색해주세요."
TUT_MINING_001,on_complete,1,SCAII,"철 광맥 위치를 확인했습니다."
TUT_MINING_001,on_complete,2,SCAII,"이제 채굴 설비를 준비하겠습니다."
TUT_MINING_002,on_start,1,SCAII,"철 광석 확보를 위해 채굴기를 준비해주세요."
TUT_MINING_002,on_start,2,SCAII,"하단 UI 또는 단축키를 이용하면 됩니다."
TUT_MINING_002,on_complete,1,SCAII,"채굴기 선택을 확인했습니다."
TUT_MINING_002,on_complete,2,SCAII,"광맥 인근에 배치해주세요."
TUT_MINING_003,on_start,1,SCAII,"채굴기는 광맥 인근에서만 정상적으로 작동합니다."
TUT_MINING_003,on_start,2,SCAII,"철 광맥 근처에 배치해주세요."
TUT_MINING_003,on_complete,1,SCAII,"배치 위치를 확인했습니다."
TUT_MINING_003,on_complete,2,SCAII,"설치를 완료해주세요."
TUT_MINING_004,on_start,1,SCAII,"채굴기를 설치해 자원 채굴 준비를 마치겠습니다."
TUT_MINING_004,on_start,2,SCAII,"설치를 완료해주세요."
TUT_MINING_004,on_complete,1,SCAII,"채굴기 설치를 확인했습니다."
TUT_MINING_004,on_complete,2,SCAII,"하지만 전력 공급이 필요합니다."
TUT_POWER_001,on_start,1,SCAII,"설비는 전력 없이는 작동하지 않습니다."
TUT_POWER_001,on_start,2,SCAII,"발전소를 선택해주세요."
TUT_POWER_001,on_complete,1,SCAII,"발전소 선택을 확인했습니다."
TUT_POWER_001,on_complete,2,SCAII,"이제 설치를 진행해주세요."
TUT_POWER_002,on_start,1,SCAII,"발전소를 설치해 전력 생산 기반을 확보하겠습니다."
TUT_POWER_002,on_start,2,SCAII,"설치를 완료해주세요."
TUT_POWER_002,on_complete,1,SCAII,"전력 생산 기반이 확보되었습니다."
TUT_POWER_002,on_complete,2,SCAII,"이제 송전 설비를 준비하겠습니다."
TUT_POWER_003,on_start,1,SCAII,"전력은 송전탑을 통해 주변 설비로 분배됩니다."
TUT_POWER_003,on_start,2,SCAII,"송전탑을 선택해주세요."
TUT_POWER_003,on_complete,1,SCAII,"송전탑 선택을 확인했습니다."
TUT_POWER_003,on_complete,2,SCAII,"채굴기 근처에 배치하겠습니다."
TUT_POWER_004,on_start,1,SCAII,"채굴기가 전력 범위 안에 들어오도록 배치해주세요."
TUT_POWER_004,on_start,2,SCAII,"적절한 위치를 선택해주세요."
TUT_POWER_004,on_complete,1,SCAII,"배치를 확인했습니다."
TUT_POWER_004,on_complete,2,SCAII,"설치를 완료해주세요."
TUT_POWER_005,on_start,1,SCAII,"송전탑을 설치해 전력 전달 준비를 마치겠습니다."
TUT_POWER_005,on_start,2,SCAII,"설치를 완료해주세요."
TUT_POWER_005,on_complete,1,SCAII,"송전탑 설치를 확인했습니다."
TUT_POWER_005,on_complete,2,SCAII,"이제 설비를 연결하겠습니다."
TUT_POWER_006,on_start,1,SCAII,"발전소에서 송전선을 끌어오세요."
TUT_POWER_006,on_start,2,SCAII,"연결을 시작해주세요."
TUT_POWER_006,on_complete,1,SCAII,"연결 시작을 확인했습니다."
TUT_POWER_006,on_complete,2,SCAII,"송전탑까지 연결을 마무리해주세요."
TUT_POWER_007,on_start,1,SCAII,"발전소와 송전탑을 송전선으로 연결해주세요."
TUT_POWER_007,on_start,2,SCAII,"연결이 완료되면 송전탑이 활성화됩니다."
TUT_POWER_007,on_complete,1,SCAII,"송전 연결을 확인했습니다."
TUT_POWER_007,on_complete,2,SCAII,"이제 채굴기 가동 여부를 확인하겠습니다."
TUT_POWER_008,on_start,1,SCAII,"채굴기에 전력이 공급되는지 확인해주세요."
TUT_POWER_008,on_start,2,SCAII,"정상 작동 시 즉시 가동이 시작됩니다."
TUT_POWER_008,on_complete,1,SCAII,"좋습니다."
TUT_POWER_008,on_complete,2,SCAII,"채굴기가 가동을 시작할 것입니다."
TUT_POWER_009,on_start,1,SCAII,"첫 자원 생산을 확인하겠습니다."
TUT_POWER_009,on_start,2,SCAII,"철 광석 1개 생산을 확인해주세요."
TUT_POWER_009,on_complete,1,SCAII,"첫 생산을 확인했습니다."
TUT_POWER_009,on_complete,2,SCAII,"이제 생산량을 조금 더 확보하겠습니다."
TUT_SMELT_001,on_start,1,SCAII,"철 광석 10개를 생산해 기본 자원을 확보해주세요."
TUT_SMELT_001,on_start,2,SCAII,"이후 가공 단계로 넘어가겠습니다."
TUT_SMELT_001,on_complete,1,SCAII,"자원 확보가 안정화되고 있습니다."
TUT_SMELT_001,on_complete,2,SCAII,"다음은 가공 단계입니다."
TUT_SMELT_002,on_start,1,SCAII,"채굴한 광석은 가공을 거쳐야 건설 자재로 활용할 수 있습니다."
TUT_SMELT_002,on_start,2,SCAII,"제련기를 선택해주세요."
TUT_SMELT_002,on_complete,1,SCAII,"제련기 선택을 확인했습니다."
TUT_SMELT_002,on_complete,2,SCAII,"이제 제련기를 설치해주세요."
TUT_SMELT_003,on_start,1,SCAII,"제련기를 설치해 가공 설비를 준비하겠습니다."
TUT_SMELT_003,on_start,2,SCAII,"설치를 완료해주세요."
TUT_SMELT_003,on_complete,1,SCAII,"제련기 설치를 확인했습니다."
TUT_SMELT_003,on_complete,2,SCAII,"이제 자원을 투입하겠습니다."
TUT_LOGI_001,on_start,1,SCAII,"수작업 운반 대신 자동 출력 설비를 사용하겠습니다."
TUT_LOGI_001,on_start,2,SCAII,"출력용 창고 포트를 선택해주세요."
TUT_LOGI_001,on_complete,1,SCAII,"출력 포트 선택을 확인했습니다."
TUT_LOGI_001,on_complete,2,SCAII,"채굴기 근처에 배치해주세요."
TUT_LOGI_002,on_start,1,SCAII,"채굴 자원을 회수할 수 있도록 출력 포트를 배치해주세요."
TUT_LOGI_002,on_start,2,SCAII,"출력 포트 근처를 선택해주세요."
TUT_LOGI_002,on_complete,1,SCAII,"배치를 확인했습니다."
TUT_LOGI_002,on_complete,2,SCAII,"출력 자원을 지정하겠습니다."
TUT_LOGI_003,on_start,1,SCAII,"이 포트는 철 광석만 출력하도록 설정하겠습니다."
TUT_LOGI_003,on_start,2,SCAII,"자원 종류를 선택해주세요."
TUT_LOGI_003,on_complete,1,SCAII,"출력 자원 설정을 확인했습니다."
TUT_LOGI_003,on_complete,2,SCAII,"이제 실제 출력을 확인하겠습니다."
TUT_LOGI_004,on_start,1,SCAII,"창고 포트에서 철 광석이 출력되는지 확인해주세요."
TUT_LOGI_004,on_start,2,SCAII,"정상 출력 시 자동 이송이 가능합니다."
TUT_LOGI_004,on_complete,1,SCAII,"출력이 정상입니다."
TUT_LOGI_004,on_complete,2,SCAII,"이제 운송 경로를 연결하겠습니다."
TUT_LOGI_005,on_start,1,SCAII,"설비 간 자원 이동에는 컨베이어를 사용합니다."
TUT_LOGI_005,on_start,2,SCAII,"컨베이어를 선택해주세요."
TUT_LOGI_005,on_complete,1,SCAII,"컨베이어 선택을 확인했습니다."
TUT_LOGI_005,on_complete,2,SCAII,"출력 포트에서 연결을 시작해주세요."
TUT_LOGI_006,on_start,1,SCAII,"출력 포트에서 제련기 방향으로 경로를 구성해주세요."
TUT_LOGI_006,on_start,2,SCAII,"연결을 시작해주세요."
TUT_LOGI_006,on_complete,1,SCAII,"경로 시작을 확인했습니다."
TUT_LOGI_006,on_complete,2,SCAII,"이제 제련기까지 연결을 마무리해주세요."
TUT_LOGI_007,on_start,1,SCAII,"컨베이어를 제련기 입력 방향까지 연결해주세요."
TUT_LOGI_007,on_start,2,SCAII,"연결이 완료되면 자원 이동이 가능합니다."
TUT_LOGI_007,on_complete,1,SCAII,"연결을 확인했습니다."
TUT_LOGI_007,on_complete,2,SCAII,"자원 이동을 확인하겠습니다."
TUT_LOGI_008,on_start,1,SCAII,"철 광석이 제련기로 이동하는지 확인해주세요."
TUT_LOGI_008,on_start,2,SCAII,"광석이 도달하면 가공 준비가 완료됩니다."
TUT_LOGI_008,on_complete,1,SCAII,"자원 이동을 확인했습니다."
TUT_LOGI_008,on_complete,2,SCAII,"이제 입력 체계를 구성하겠습니다."
TUT_LOGI_009,on_start,1,SCAII,"입력 물자 제어를 위해 입력용 창고 포트를 준비해주세요."
TUT_LOGI_009,on_start,2,SCAII,"입력 포트를 선택해주세요."
TUT_LOGI_009,on_complete,1,SCAII,"입력 포트 선택을 확인했습니다."
TUT_LOGI_009,on_complete,2,SCAII,"제련기 입력 근처에 배치해주세요."
TUT_LOGI_010,on_start,1,SCAII,"제련기 입력 포트와 가까운 위치에 배치해주세요."
TUT_LOGI_010,on_start,2,SCAII,"적절한 위치를 선택해주세요."
TUT_LOGI_010,on_complete,1,SCAII,"배치를 확인했습니다."
TUT_LOGI_010,on_complete,2,SCAII,"이제 입력 자원을 지정하겠습니다."
TUT_LOGI_011,on_start,1,SCAII,"이 포트는 필요한 자재를 선택적으로 투입할 수 있습니다."
TUT_LOGI_011,on_start,2,SCAII,"입력 자원을 설정해주세요."
TUT_LOGI_011,on_complete,1,SCAII,"입력 자원 설정을 확인했습니다."
TUT_LOGI_011,on_complete,2,SCAII,"이제 실제 자재를 등록해주세요."
TUT_LOGI_012,on_start,1,SCAII,"인벤토리의 철 주괴를 입력 포트에 등록해주세요."
TUT_LOGI_012,on_start,2,SCAII,"입력 체계가 완성됩니다."
TUT_LOGI_012,on_complete,1,SCAII,"좋습니다."
TUT_LOGI_012,on_complete,2,SCAII,"제련기 입력 체계가 구성되었습니다."
TUT_LOGI_013,on_start,1,SCAII,"제련기가 작동을 시작하는지 확인해주세요."
TUT_LOGI_013,on_start,2,SCAII,"정상 작동 시 생산 라인이 연결된 것입니다."
TUT_LOGI_013,on_complete,1,SCAII,"제련 시작을 확인했습니다."
TUT_LOGI_013,on_complete,2,SCAII,"이제 첫 생산물을 확인하겠습니다."
TUT_LOGI_014,on_start,1,SCAII,"제련기에서 철 주괴 1개가 생산되는지 확인해주세요."
TUT_LOGI_014,on_start,2,SCAII,"첫 가공 자재 생산 단계입니다."
TUT_LOGI_014,on_complete,1,SCAII,"첫 가공 자재 생산을 확인했습니다."
TUT_LOGI_014,on_complete,2,SCAII,"이제 생산 라인을 확장하겠습니다."
TUT_EXPAND_001,on_start,1,SCAII,"제련기로 철 주괴 10개를 생산해주세요."
TUT_EXPAND_001,on_start,2,SCAII,"기초 생산 라인의 안정성을 확인하겠습니다."
TUT_EXPAND_001,on_complete,1,SCAII,"기초 생산 라인이 안정적으로 작동하고 있습니다."
TUT_EXPAND_001,on_complete,2,SCAII,"이제 전력 설비를 확장하겠습니다."
TUT_EXPAND_002,on_start,1,SCAII,"향후 설비 확장을 위해 전력 여유를 확보하겠습니다."
TUT_EXPAND_002,on_start,2,SCAII,"발전소 1기를 추가 설치해주세요."
TUT_EXPAND_002,on_complete,1,SCAII,"추가 발전소를 확인했습니다."
TUT_EXPAND_002,on_complete,2,SCAII,"송전 범위도 함께 확장하겠습니다."
TUT_EXPAND_003,on_start,1,SCAII,"전력 범위를 넓혀 추가 설비를 수용하겠습니다."
TUT_EXPAND_003,on_start,2,SCAII,"송전탑 1기를 추가 설치해주세요."
TUT_EXPAND_003,on_complete,1,SCAII,"추가 송전탑을 확인했습니다."
TUT_EXPAND_003,on_complete,2,SCAII,"확장 설비까지 전력을 연결해주세요."
TUT_EXPAND_004,on_start,1,SCAII,"추가 설비까지 전력을 연결해주세요."
TUT_EXPAND_004,on_start,2,SCAII,"전력망 확장 상태를 확인하겠습니다."
TUT_EXPAND_004,on_complete,1,SCAII,"전력망 확장을 확인했습니다."
TUT_EXPAND_004,on_complete,2,SCAII,"더 큰 설비도 운용할 수 있습니다."
TUT_EXPAND_005,on_start,1,SCAII,"생산량 증대를 위해 채굴 설비를 확장해주세요."
TUT_EXPAND_005,on_start,2,SCAII,"채굴기 1기를 추가 설치해주세요."
TUT_EXPAND_005,on_complete,1,SCAII,"추가 채굴기를 확인했습니다."
TUT_EXPAND_005,on_complete,2,SCAII,"가공 속도도 함께 맞추겠습니다."
TUT_EXPAND_006,on_start,1,SCAII,"가공 속도를 맞추기 위해 제련 설비도 확장하겠습니다."
TUT_EXPAND_006,on_start,2,SCAII,"제련기 1기를 추가 설치해주세요."
TUT_EXPAND_006,on_complete,1,SCAII,"추가 제련기를 확인했습니다."
TUT_EXPAND_006,on_complete,2,SCAII,"이제 자동 생산 라인을 완성하겠습니다."
TUT_EXPAND_007,on_start,1,SCAII,"자동 생산 라인 1개를 추가로 완성해주세요."
TUT_EXPAND_007,on_start,2,SCAII,"수작업 의존도를 줄이는 단계입니다."
TUT_EXPAND_007,on_complete,1,SCAII,"좋습니다."
TUT_EXPAND_007,on_complete,2,SCAII,"이제 수작업 의존도가 크게 줄어들었습니다."
TUT_EXPAND_008,on_start,1,SCAII,"통신 복구 설비 건설에는 더 많은 자원이 필요합니다."
TUT_EXPAND_008,on_start,2,SCAII,"철 광석을 누적 50개 생산해주세요."
TUT_EXPAND_008,on_complete,1,SCAII,"철 광석 생산량이 충분한 수준에 도달했습니다."
TUT_EXPAND_008,on_complete,2,SCAII,"이제 제련 자재를 확보하겠습니다."
TUT_EXPAND_009,on_start,1,SCAII,"철 주괴를 누적 30개 생산해주세요."
TUT_EXPAND_009,on_start,2,SCAII,"통신탑 건설을 위한 기초 자재를 확보하는 단계입니다."
TUT_EXPAND_009,on_complete,1,SCAII,"기초 자재 확보가 충분한 수준에 도달했습니다."
TUT_EXPAND_009,on_complete,2,SCAII,"이제 통신 복구를 시작하겠습니다."
TUT_COMM_001,on_start,1,SCAII,"이제 생존 단계를 넘어 통신 복구를 시작하겠습니다."
TUT_COMM_001,on_start,2,SCAII,"통신탑 건설 재료를 확보해주세요."
TUT_COMM_001,on_complete,1,SCAII,"재료 확보를 확인했습니다."
TUT_COMM_001,on_complete,2,SCAII,"설치 지점으로 이동해주세요."
TUT_COMM_002,on_start,1,SCAII,"출력 효율을 위해 지정 위치에 설치하는 것을 권장합니다."
TUT_COMM_002,on_start,2,SCAII,"설치 지점까지 이동해주세요."
TUT_COMM_002,on_complete,1,SCAII,"설치 위치 도달을 확인했습니다."
TUT_COMM_002,on_complete,2,SCAII,"이제 통신탑을 설치해주세요."
TUT_COMM_003,on_start,1,SCAII,"통신탑은 위성 내 통신 복구의 핵심 설비입니다."
TUT_COMM_003,on_start,2,SCAII,"설치를 진행해주세요."
TUT_COMM_003,on_complete,1,SCAII,"통신탑 설치를 확인했습니다."
TUT_COMM_003,on_complete,2,SCAII,"이제 전력을 공급하겠습니다."
TUT_COMM_004,on_start,1,SCAII,"통신 설비 역시 안정적인 전력 공급이 필요합니다."
TUT_COMM_004,on_start,2,SCAII,"통신탑에 전력을 연결해주세요."
TUT_COMM_004,on_complete,1,SCAII,"통신탑 전력 연결을 확인했습니다."
TUT_COMM_004,on_complete,2,SCAII,"복구 상태를 점검하겠습니다."
TUT_COMM_005,on_start,1,SCAII,"위성 내 통신 복구 여부를 확인하겠습니다."
TUT_COMM_005,on_start,2,SCAII,"복구 상태를 점검해주세요."
TUT_COMM_005,on_complete,1,SCAII,"위성 내 통신 환경 복구를 확인했습니다."
TUT_COMM_005,on_complete,2,SCAII,"생존자 신호 탐지가 가능해졌습니다."
TUT_SIGNAL_001,on_start,1,SCAII,"현재 출력으로는 지구까지 신호가 도달하지 않습니다."
TUT_SIGNAL_001,on_start,2,SCAII,"신호 증폭기 건설 재료를 확보해주세요."
TUT_SIGNAL_001,on_complete,1,SCAII,"재료 확보를 확인했습니다."
TUT_SIGNAL_001,on_complete,2,SCAII,"증폭기 설치 지점으로 이동해주세요."
TUT_SIGNAL_002,on_start,1,SCAII,"증폭 효율을 위해 지정 위치로 이동해주세요."
TUT_SIGNAL_002,on_start,2,SCAII,"설치 지점 도달을 확인하겠습니다."
TUT_SIGNAL_002,on_complete,1,SCAII,"설치 위치 도달을 확인했습니다."
TUT_SIGNAL_002,on_complete,2,SCAII,"이제 신호 증폭기를 설치해주세요."
TUT_SIGNAL_003,on_start,1,SCAII,"신호 증폭기 설치를 진행해주세요."
TUT_SIGNAL_003,on_start,2,SCAII,"장거리 통신 복구에 필요한 핵심 단계입니다."
TUT_SIGNAL_003,on_complete,1,SCAII,"신호 증폭기 설치를 확인했습니다."
TUT_SIGNAL_003,on_complete,2,SCAII,"출력 상승 여부를 점검하겠습니다."
TUT_SIGNAL_004,on_start,1,SCAII,"통신 출력이 상승했는지 확인해주세요."
TUT_SIGNAL_004,on_start,2,SCAII,"신호 강도를 점검하겠습니다."
TUT_SIGNAL_004,on_complete,1,SCAII,"좋습니다."
TUT_SIGNAL_004,on_complete,2,SCAII,"신호 강도가 상승하고 있습니다."
TUT_SIGNAL_005,on_start,1,SCAII,"이제 지구와의 장거리 통신 복구를 시도할 수 있습니다."
TUT_SIGNAL_005,on_start,2,SCAII,"최종 목표를 해금해주세요."
TUT_SIGNAL_005,on_complete,1,SCAII,"지구 통신 복구 목표가 활성화되었습니다."
TUT_SIGNAL_005,on_complete,2,SCAII,"이제 본격적인 구조 요청을 준비하겠습니다."
